Price,William's %R,Roc,Momentum,RSI,CCI,ADX,TRIX,MACD,OBV,_TSF_,ATR,MFI
274500,0,0,0,0,0,0,0,0,0,0,0,0
278500,0,0,0,0,0,0,0,319.09,93235,0,0,100
276500,-0.25,0,0,0,0,0,0.01,405.91,28733,0,0,59.12
275500,-0.375,0,0,0,0,0,0.01,389.53,-11299,0,0,47.18
275500,-0.375,0,0,0,0,0,0.02,372.26,-11299,0,0,41.33
275000,-0.4375,0,0,0,0,0,0.02,314.6,-32669,0,0,37.77
276500,-0.25,0,0,0,0,0,0.02,385.49,-1236,0,0,44.78
276500,-0.25,0,0,0,0,0,0.02,436.65,-1236,0,0,51.01
276500,-0.25,0,0,0,0,0,0.02,471.75,-1236,0,0,51.01
278500,0,0,0,0,0,0,0.03,653.42,72650,0,0,60.38
278500,-0.1111,0,0,0,0,0,0.03,788.31,72650,0,0,67.38
279000,-0.0556,0,0,0,0,0,0.04,924.89,137517,0,0,71.35
275000,-0.5,100.18,0,0,0,0,0.04,702.27,-92658,0,0,50.04
274500,-0.5556,98.56,0,0.5,-114.94,0,0.04,479.97,-189327,0,0,44.47
272500,-1,98.55,-2000,0.4444,-166.07,0.0513,0.03,140.78,-277400,0,2285.71,40.39
271500,-0.8889,98.55,-7000,0.2667,-196.64,0.0622,0.02,-206.34,-396025,0,2142.86,29.82
271500,-0.8,98.55,-5000,0.3077,-169.21,0.0823,0,-475.95,-396025,0,2107.14,28.27
271500,-0.8,98.73,-4000,0.3333,-124.81,0.0997,-0.01,-681.75,-396025,0,2035.71,33.01
271500,-0.8,98.19,-4000,0.3333,-90.78,0.0972,-0.02,-835.23,-396025,0,2107.14,36.06
271500,-0.8,98.19,-3500,0.3478,-84.88,0.1022,-0.03,-945.96,-396025,0,2178.57,35.02
271000,-0.85,98.01,-5500,0.2381,-77.36,0.1066,-0.04,-1061.81,-435459,0,2107.14,31.89
270500,-0.9,97.13,-6000,0.2273,-86.42,0.1324,-0.05,-1180.37,-529033,0,2178.57,27.2
271500,-0.8,97.49,-5000,0.2917,-61.71,0.1429,-0.06,-1180.03,-482627,0,2250,30
271500,-0.8,97.31,-7000,0.15,-36.92,0.1402,-0.07,-1166.32,-482627,0,2178.57,28.2
270500,-0.8947,98.36,-8000,0.1364,-65.18,0.1615,-0.07,-1222.06,-556144,0,2178.57,21.18
269500,-1,98.18,-9500,0.087,-145.98,0.1867,-0.08,-1331.58,-643611,0,2214.29,15.19
269500,-1,98.9,-5500,0.1333,-18.42,0.2012,-0.08,-1402.2,-643611,0,2178.57,33.04
272500,-0.4286,100.37,-2000,0.4,0,0.198,-0.08,-1202.24,-566055,0,2321.43,36.1
268000,-0.875,98.71,-4500,0.32,-198.02,0.1738,-0.08,-1390.85,-644032,269719.78,2535.71,36.49
266000,-0.9,97.97,-5500,0.2963,-284.55,0.1719,-0.09,-1682.32,-743724,268445.05,2607.14,37.24
265500,-0.7917,97.79,-6000,0.2857,-230.19,0.1889,-0.1,-1931.39,-833683,267208.79,2678.57,38.45
271000,-0.3333,99.82,-500,0.4872,-39.19,0.1761,-0.1,-1665.77,-771142,267741.76,2964.29,38.96
270500,-0.375,99.82,-1000,0.475,2.17,0.165,-0.1,-1478.57,-813344,268148.35,3000,39.42
269500,-0.4583,99.63,-2000,0.4524,-7.4,0.1554,-0.09,-1394.82,-855825,268302.2,2964.29,39.85
269500,-0.4583,99.26,-1500,0.4634,6.09,0.153,-0.09,-1313.32,-855825,268434.07,3035.71,44.19
268000,-0.5833,98.71,-2500,0.4419,-53.03,0.1363,-0.09,-1354.15,-900161,268098.9,3071.43,46.49
268500,-0.5417,99.26,-3000,0.4286,-58.63,0.1286,-0.08,-1330.82,-855140,268164.84,3071.43,41.7
268000,-0.5833,99.44,-3500,0.4186,-54.65,0.122,-0.08,-1337.26,-898862,268186.81,3142.86,37.01
268500,-0.5417,99.63,-2000,0.4524,-22.01,0.1068,-0.08,-1287.19,-865390,268291.21,3142.86,42.3
269000,-0.5,98.72,-500,0.4878,6.45,0.0937,-0.08,-1193.4,-838582,268428.57,3107.14,48.44
268000,-0.4167,100,-1500,0.4651,-138.57,0.1594,-0.07,-1186.09,-1012278,268296.7,3285.71,25.69
267500,-0.4583,100.56,-5000,0.3684,-14.58,0.1859,-0.07,-1206.73,-1086960,268598.9,3285.71,31.84
268500,-0.25,101.13,500,0.5161,0,0.2089,-0.07,-1129.38,-1047490,268560.44,3000,37.85
270000,-0.1,99.63,4000,0.6333,63.85,0.206,-0.06,-936.25,-990286,268582.42,2964.29,46.77
268500,-0.25,99.26,3000,0.5938,29.74,0.2035,-0.06,-893.93,-1015622,267956.04,2892.86,50.69
267500,-0.35,99.26,-3500,0.3478,-74.11,0.2123,-0.05,-930.35,-1057062,267912.09,2607.14,43.64
267500,-0.35,99.26,-3000,0.3636,-124.38,0.2382,-0.05,-948.29,-1057062,267895.6,2642.86,37.55
267000,-0.4,99.63,-2500,0.381,-108.15,0.2606,-0.05,-991.42,-1096985,267659.34,2714.29,39.85
267000,-0.3684,99.44,-2500,0.381,-54.46,0.269,-0.05,-1013.91,-1096985,267505.49,2714.29,39.34
264500,-0.6316,98.69,-3500,0.3478,-163.42,0.2992,-0.05,-1219.41,-1173027,266456.04,2821.43,37.66
265500,-0.5263,98.88,-3000,0.375,-136.73,0.3253,-0.06,-1286.74,-1133012,265895.6,2785.71,37.94
263500,-0.7368,97.96,-4500,0.3333,-153.48,0.356,-0.06,-1484.38,-1188436,264774.73,2821.43,37.37
264000,-0.6842,98.51,-4500,0.3333,-150.41,0.3897,-0.07,-1582.42,-1119139,264032.97,2821.43,31.3
264000,-0.6842,98.69,-5000,0.3077,-111.73,0.419,-0.08,-1641.2,-1119139,263527.47,2785.71,31.23
264500,-0.75,98.51,-3500,0.36,-25.17,0.3826,-0.08,-1628.66,-938106,263153.85,2607.14,54.22
264500,-0.75,97.96,-3000,0.375,-65.63,0.3439,-0.08,-1600.28,-938106,262807.69,2500,44.8
266000,-0.5625,99.07,-2500,0.4,-9.02,0.3221,-0.08,-1440.15,-897251,263164.84,2571.43,44.87
265000,-0.6875,99.07,-5000,0.2917,-32,0.2949,-0.08,-1378.05,-943983,263582.42,2571.43,37.94
264000,-0.7857,98.69,-4500,0.3043,-97.85,0.2562,-0.08,-1393.46,-984237,263615.38,2535.71,37.24
266500,-0.4286,99.81,-1000,0.4615,8,0.2428,-0.08,-1190.23,-953142,264335.16,2642.86,41.81
267500,-0.2857,100.19,0,0.5,136.75,0.2534,-0.07,-937.67,-898048,265373.63,2607.14,48.63
267000,-0.3571,100.95,0,0.5,120,0.2625,-0.06,-768.99,-923284,266181.32,2535.71,47.08
268000,-0.2143,100.94,1000,0.5333,158.23,0.276,-0.05,-548.3,-899355,267274.73,2500,45.93
269000,-0.1875,102.09,4500,0.6667,170.94,0.3065,-0.04,-289.37,-812155,268181.32,2428.57,56.34
269500,-0.125,102.08,4000,0.6538,146.43,0.3328,-0.02,-43.33,-774009,269258.24,2428.57,61.31
267500,-0.375,101.33,4000,0.6538,84.76,0.33,-0.01,-9.61,-843602,269280.22,2428.57,60.16
269000,-0.2,101.7,5000,0.6786,78.88,0.3275,0,136.58,-810863,269686.81,2392.86,67.22
267000,-0.4667,100.95,3000,0.5938,6.4,0.3116,0.01,90.01,-899885,269357.14,2535.71,58.99
271500,-0.2917,102.07,7000,0.675,190.05,0.3603,0.02,411.48,-695628,270302.2,2714.29,60.31
273000,-0.1667,103.02,8500,0.6977,164.86,0.4026,0.03,778.31,-654648,271445.05,2678.57,67.42
271500,-0.2917,102.84,5500,0.6279,125.47,0.4392,0.04,937.18,-682339,272142.86,2607.14,63.48
271000,-0.3333,101.69,6000,0.6429,87.4,0.4589,0.05,1011.09,-714428,272340.66,2500,64.57
271000,-0.3478,101.31,7000,0.675,69.47,0.476,0.06,1057.47,-714428,272164.84,2428.57,66.44
271000,-0.4444,101.5,4500,0.6286,46.48,0.4766,0.07,1081.76,-714428,272197.8,2285.71,63.33
272000,-0.3529,101.49,4500,0.6286,74.34,0.4902,0.07,1168.23,-684825,272543.96,2250,62.1
271500,-0.4375,100.93,4500,0.6286,52.89,0.502,0.08,1182.78,-702151,272510.99,2250,62.74
271500,-0.4375,100.74,3500,0.6061,53.63,0.5122,0.08,1180.71,-702151,272505.49,2214.29,63.07
270500,-0.5625,101.12,1500,0.5455,16.89,0.487,0.08,1085.85,-728697,272274.73,2142.86,55.84
269000,-0.75,100,-500,0.4857,-76.15,0.435,0.08,879.5,-783639,271653.85,2250,49
268500,-0.8125,100.56,1000,0.5313,-110.27,0.3981,0.07,667.92,-833674,270554.95,2250,50.42
268000,-0.7778,98.71,-1000,0.4667,-132.68,0.3815,0.06,454.66,-903753,269543.96,2357.14,43.21
269000,-0.6667,98.53,2000,0.5714,-88.51,0.367,0.05,362.16,-872987,268500,2285.71,51.7
273500,-0.25,100.74,2000,0.5714,163.46,0.3766,0.05,644.54,-667155,269467.03,2214.29,51.93
273500,-0.25,100.92,500,0.52,140.65,0.3849,0.05,858.43,-667155,270631.87,2142.86,43.63
273500,-0.25,100.92,2000,0.5909,105,0.3737,0.05,1016.22,-667155,271516.48,2142.86,42.34
271500,-0.45,100.18,500,0.52,52.74,0.3548,0.05,968.73,-715380,271675.82,2178.57,41.39
273000,-0.3,100.37,2000,0.5714,59.21,0.3291,0.06,1040.14,-681604,272247.25,2285.71,45.03
273500,-0.25,100.74,2500,0.5862,82.41,0.3137,0.06,1124.11,-635657,272895.6,2321.43,49.56
274500,-0.15,101.1,2500,0.5862,99.94,0.3073,0.06,1256.87,-602519,273923.08,2250,49.81
274000,-0.2,101.29,2500,0.5862,75.59,0.2898,0.07,1306.67,-654487,274637.36,2250,47.63
274000,-0.2,101.86,2500,0.5862,80.67,0.2829,0.07,1330.8,-654487,275269.23,2250,48.88
275500,-0.05,102.61,5000,0.6667,91.5,0.2852,0.08,1454.2,-594637,276071.43,2214.29,54.01
275500,-0.05,102.8,6500,0.7407,100.98,0.2951,0.08,1534.3,-594637,276445.05,2071.43,61.26
275500,-0.05,102.42,7000,0.7692,75.07,0.2624,0.08,1579.58,-594637,276516.48,2035.71,59.27
276000,0,100.91,8000,0.8077,117.36,0.2443,0.09,1636.94,-485672,276412.09,1892.86,68.36
277000,0,101.28,8000,0.8077,184.46,0.2468,0.09,1742.99,-400317,276505.49,1892.86,70.15
276000,-0.3333,100.91,2500,0.6316,113.53,0.2312,0.1,1726.45,-604853,276840.66,1678.57,49.41
280000,0,103.13,6500,0.7407,181.61,0.2098,0.1,2012.9,-407520,278236.26,1892.86,61.53
277000,-0.3684,101.47,3500,0.6061,135.28,0.1991,0.11,1975.07,-555619,278560.44,2000,56.4
278500,-0.2105,101.83,7000,0.7188,115.37,0.1795,0.11,2042.59,-475300,278846.15,2071.43,58.69
278000,-0.3125,101.28,5000,0.6667,97.05,0.1625,0.11,2032.32,-509772,279021.98,2000,57.48
277500,-0.4,101.28,4000,0.6333,64.52,0.1457,0.11,1961.23,-540596,278978.02,2000,54.17
277500,-0.4,101.28,3000,0.6071,48.59,0.131,0.11,1883.18,-540596,278978.02,2000,51.86
278500,-0.2857,101.09,4500,0.6552,71.23,0.1226,0.11,1880.34,-521245,279076.92,1964.29,55.22
278000,-0.3571,100.91,4000,0.6333,47.23,0.112,0.11,1816.81,-561156,278884.62,2000,51.09
277500,-0.4286,100.73,2000,0.5714,30.24,0.1027,0.1,1706.44,-584368,278681.32,1928.57,47.11
278000,-0.3571,100.72,2500,0.5862,23.43,0.1102,0.1,1640.4,-530298,278554.95,1928.57,43.1
277500,-0.5,100.18,2000,0.5667,10.14,0.0977,0.1,1530.09,-570245,278203.3,1892.86,46.89
278000,-0.4167,100.72,2000,0.5667,42.42,0.0869,0.09,1466.11,-534660,278016.48,1892.86,42.09
277500,-0.5,99.11,500,0.5172,-53.33,0.0775,0.08,1359.39,-564209,277796.7,1857.14,33.83
282500,-0.0667,101.99,6500,0.6757,399.33,0.1565,0.08,1659.14,-346181,278813.19,1964.29,61.94
286000,-0.1364,102.69,6000,0.6667,338.3,0.242,0.09,2154.29,-114491,281318.68,2000,63.84
286000,-0.1364,102.88,9000,0.8,200.44,0.3161,0.11,2517.67,-114491,283098.9,1964.29,78.26
284000,-0.3333,102.34,5500,0.6774,133.72,0.3804,0.12,2614.14,-180889,284274.73,1928.57,70.91
285000,-0.2381,102.7,7000,0.7188,105.14,0.4361,0.13,2739.7,-143890,285467.03,1928.57,70.91
284500,-0.2857,102.15,7000,0.7188,84.07,0.4843,0.14,2766.97,-203448,286197.8,1928.57,68.07
282500,-0.4762,101.62,5000,0.6389,48.4,0.4759,0.14,2597.25,-276652,286126.37,2035.71,63.41
282500,-0.4762,101.8,4000,0.6176,32.06,0.4545,0.14,2434.69,-276652,286065.93,2107.14,57.4
282500,-0.4762,101.62,4500,0.6364,19.13,0.4359,0.13,2279.58,-276652,285785.71,2071.43,56.49
282500,-0.4762,101.8,5000,0.6563,0.62,0.3795,0.13,2132.07,-276652,285269.23,2214.29,53.53
284000,-0.3333,102.16,6000,0.6765,33.05,0.3504,0.12,2111.87,-223354,285104.4,2250,56.11
283500,-0.4,102.16,6000,0.6765,25.02,0.3252,0.12,2032.08,-291853,284510.99,2214.29,56.11
281500,-0.6,99.65,3500,0.5946,-41.89,0.3045,0.11,1786.87,-363809,283236.26,2357.14,50.53
281500,-0.6316,98.43,4000,0.6111,-107.07,0.2866,0.1,1574.4,-363809,281758.24,2321.43,50.02
284500,-0.4286,99.48,2000,0.5625,52.57,0.3017,0.1,1629.3,-66827,281884.62,2285.71,53.78
287500,-0.0667,101.23,1500,0.5484,155.11,0.3264,0.09,1893.06,65459,283417.58,2214.29,49.12
285500,-0.4444,100.18,-500,0.4857,132.8,0.3575,0.09,1918.59,-112384,284329.67,2392.86,41.56
285000,-0.5,100.18,1000,0.5313,76.37,0.3845,0.09,1876.85,-192272,284763.74,2428.57,41.08
284000,-0.6111,100.53,-1000,0.4688,28.55,0.3955,0.09,1742.98,-270392,285054.95,2464.29,38.52
283000,-0.7222,100.18,-1500,0.4545,-43.93,0.3628,0.09,1538.47,-357966,285005.49,2535.71,37.7
282500,-0.7778,100,0,0.5,-64.22,0.3345,0.08,1320.82,-404138,284510.99,2464.29,38.51
282500,-0.7778,100,0,0.5,-38.53,0.3242,0.07,1135.24,-404138,284016.48,2464.29,43.41
282000,-0.8333,99.3,-500,0.4839,-85.23,0.2853,0.06,937.02,-480018,283379.12,2571.43,42.63
281500,-0.8889,99.29,-1000,0.4688,-91.21,0.2517,0.05,731.16,-517122,282615.38,2500,43.78
282000,-0.8333,100.18,-2000,0.4333,-71.75,0.2225,0.04,601.42,-475310,282291.21,2500,43.24
280500,-0.9474,99.64,-3000,0.4063,-94.55,0.2097,0.03,373.26,-575811,281516.48,2607.14,39.98
280000,-0.9048,98.42,-1500,0.4483,-122.01,0.2163,0.02,150.37,-679606,280346.15,2535.71,39.07
279500,-0.9524,97.22,-2000,0.4333,-128.41,0.222,0,-65.86,-723717,279082.42,2571.43,38.95
277000,-0.8621,97.02,-7500,0.2414,-135.86,0.2269,-0.01,-433.96,-965819,277697.8,2857.14,17.81
277500,-0.7742,97.37,-10000,0.0833,-184.34,0.2498,-0.02,-677.52,-833680,277230.77,2857.14,7.54
279000,-0.6154,98.24,-6500,0.2174,-105.87,0.2364,-0.04,-740.96,-764048,277170.33,2642.86,14.03
278000,-0.6522,98.23,-7000,0.2083,-74.75,0.2212,-0.05,-862,-892525,276950.55,2642.86,23.78
279000,-0.5,98.76,-5000,0.2917,-69.41,0.2081,-0.05,-867.23,-844780,277071.43,2607.14,24.41
279500,-0.45,98.94,-3500,0.3478,-17.68,0.2312,-0.06,-821.56,-761417,277324.18,2607.14,31.41
279500,-0.45,99.11,-3000,0.3636,-10.76,0.2513,-0.06,-776.42,-761417,277604.4,2607.14,32.67
280000,-0.4,99.47,-2500,0.3913,17.64,0.2761,-0.06,-692.31,-694507,278126.37,2607.14,33.26
280000,-0.4,99.29,-2000,0.4091,18.3,0.2976,-0.06,-618.53,-694507,278642.86,2535.71,34.43
280000,-0.4,99.82,-1500,0.4286,7.73,0.2958,-0.06,-553.68,-694507,279137.36,2535.71,33.97
281000,-0.3,100.36,-1000,0.4545,104.72,0.32,-0.05,-416.78,-611698,280054.95,2571.43,36.25
283500,-0.0952,101.43,3000,0.625,236.23,0.3676,-0.04,-105.35,-437487,281456.04,2678.57,48.04
283500,-0.0952,102.35,3500,0.6522,193.13,0.409,-0.03,139.85,-437487,282670.33,2714.29,55.96
282500,-0.1905,101.8,3000,0.625,127.17,0.4448,-0.02,250.6,-523784,283395.6,2750,54.11
290000,-0.0303,103.94,13000,0.8824,249.58,0.5021,0,932.8,-147180,285725.27,2678.57,75.47
292500,-0.2,105.22,15000,0.8947,248.37,0.5575,0.03,1656.08,212648,288428.57,2892.86,86.77
288500,-0.4211,103.41,9500,0.7209,141.23,0.5824,0.05,1884.8,39325,289758.24,3071.43,77.61
289000,-0.3947,103.4,11000,0.7619,97,0.6039,0.07,2082.4,94922,290741.76,2964.29,73.38
291500,-0.2778,104.29,12500,0.7778,100.16,0.6273,0.1,2412.91,166753,292252.75,3071.43,76.49
290500,-0.3333,103.75,11000,0.7391,85.2,0.6487,0.11,2564.59,114795,293153.85,3071.43,76.09
290000,-0.3611,103.57,10500,0.7234,64.54,0.6572,0.13,2614.32,68025,293549.45,3107.14,74.01
289500,-0.3889,103.39,9500,0.7021,47.19,0.6538,0.14,2583.6,8755,293543.96,3071.43,70.47
290000,-0.3611,103.2,10000,0.7083,53.78,0.6577,0.14,2569.98,101989,293368.13,3142.86,73.43
288500,-0.4706,101.76,8500,0.6667,26.52,0.6394,0.15,2410.35,-8760,292434.07,3214.29,71.03
289000,-0.4687,101.94,8000,0.66,-3.34,0.5944,0.15,2297.71,116615,291538.46,3250,65.06
288500,-0.5333,102.12,5000,0.6087,-6.86,0.5603,0.14,2143.39,11997,290675.82,3107.14,63.79
288500,-0.5714,99.48,5000,0.6087,-13.33,0.5308,0.13,1998.06,11997,289648.35,3000,63.71
287500,-0.75,98.29,5000,0.6087,-127.06,0.4834,0.13,1781.65,-265434,287994.51,3000,57.6
307500,-0.0455,106.59,17500,0.7465,378.87,0.5245,0.14,3187.24,396395,293208.79,3928.57,63.39
303500,-0.2273,105.02,11000,0.6486,259.16,0.5601,0.16,3933.07,132303,297142.86,3821.43,61.97
299000,-0.4318,102.57,10500,0.64,132.45,0.549,0.18,4113.62,-108252,298725.27,4035.71,59.91
301500,-0.3182,103.79,12500,0.6582,101.89,0.5394,0.2,4407.62,49754,300763.74,4321.43,61.39
299000,-0.4318,103.1,7500,0.5949,73.37,0.531,0.22,4388.31,-50559,302115.38,4321.43,57.36
298500,-0.4545,103.11,8000,0.6026,46.24,0.5027,0.23,4283.28,-138077,302901.1,4321.43,54.17
297000,-0.5227,102.41,7000,0.5875,34.67,0.4781,0.23,4032.53,-204808,302906.59,4357.14,53.66
295500,-0.5909,102.43,6000,0.5732,11.2,0.4349,0.22,3670.45,-287680,302164.84,4464.29,53.08
297000,-0.5227,102.77,7000,0.5833,14.45,0.3975,0.21,3464.61,-241423,301741.76,4464.29,52.15
297000,-0.5227,102.95,8500,0.6049,19.35,0.3775,0.2,3263.85,-241423,300824.18,4500,56.26
298000,-0.5,103.29,9000,0.6098,11.45,0.3602,0.19,3149.14,-181780,300000,4464.29,59.52
298000,-0.5,103.65,9500,0.6173,-3.12,0.3374,0.18,3023.37,-181780,298791.21,4500,55.56
300000,-0.4048,97.56,11500,0.6353,28.81,0.3369,0.17,3049.93,-63414,297840.66,4607.14,56.26
299000,-0.5135,98.52,11500,0.6353,-8.24,0.3364,0.17,2956.21,-133463,296049.45,4607.14,62.11
294500,-0.675,98.49,-13000,0.2593,-125.88,0.3477,0.15,2490.12,-571375,296109.89,4214.29,30.6
295000,-0.6111,97.84,-8500,0.3191,-130.28,0.3574,0.14,2136.46,-452383,296038.46,4000,15.79
293500,-0.6452,98.16,-5500,0.3659,-165.23,0.3731,0.12,1715.36,-551994,295027.47,3642.86,17.47
294500,-0.5806,98.66,-7000,0.3158,-118.46,0.3867,0.1,1445.67,-481103,294923.08,3428.57,21.5
294000,-0.6129,98.99,-5000,0.3529,-100.36,0.3984,0.08,1178.01,-519296,294467.03,3285.71,23.12
295000,-0.5484,99.83,-3500,0.4,-79.6,0.4118,0.07,1034.66,-489116,294373.63,3214.29,26.51
294000,-0.6129,98.99,-3000,0.4118,-81.37,0.4234,0.05,830.78,-536329,293846.15,3142.86,26.93
295000,-0.5484,99.33,-500,0.4848,-59.14,0.4334,0.04,741.35,-514422,293439.56,3035.71,30.11
296000,-0.4839,99.33,-1000,0.4688,-10.99,0.4075,0.03,742.61,-457647,293598.9,3000,30.71
298000,-0.3548,100,1000,0.5278,57.91,0.3561,0.03,894.68,-379567,294362.64,3000,30.97
299000,-0.2903,99.67,1000,0.5278,108.68,0.3317,0.03,1083.39,-302249,295554.95,3035.71,35.12
298000,-0.3548,99.67,0,0.5,73.4,0.3017,0.03,1139.13,-365658,296428.57,3000,35.26
298500,-0.3226,101.36,-1500,0.4571,83.88,0.2758,0.03,1209.7,-296273,297796.7,2928.57,28.64
297000,-0.4194,100.68,-2000,0.4444,55.35,0.2533,0.03,1131.55,-334132,298609.89,2964.29,29.46
288000,-0.8889,98.13,-6500,0.3556,-243.13,0.3002,0.02,339.48,-740994,296126.37,2607.14,30.55
287500,-0.9259,97.62,-7500,0.3333,-196.45,0.3409,0.01,-324.85,-863708,293802.2,2535.71,30.53
287500,-0.9259,97.79,-6000,0.3571,-166.38,0.3783,-0.02,-841.63,-863708,291461.54,2392.86,30.99
287500,-0.9259,97.46,-7000,0.325,-128.76,0.4128,-0.04,-1236.92,-863708,289494.51,2285.71,24
288500,-0.8519,98.13,-5500,0.3659,-88.26,0.4143,-0.06,-1452.76,-796568,287956.04,2357.14,28.24
288000,-0.8889,97.63,-7000,0.325,-73.9,0.4156,-0.07,-1645.19,-825925,286631.87,2285.71,26.35
288000,-0.8889,97.3,-6000,0.3421,-65.62,0.4209,-0.09,-1777.21,-825925,285362.64,2250,26.57
287000,-0.963,96.31,-8000,0.2895,-65.7,0.4298,-0.1,-1940.16,-874608,284181.32,2214.29,24.1
286000,-0.9333,95.65,-10000,0.2368,-73.27,0.4522,-0.11,-2125.49,-1046652,283153.85,2250,17.53
285500,-0.9667,95.81,-12500,0.1429,-76.98,0.4716,-0.13,-2286.36,-1093974,282664.84,2107.14,11.64
286500,-0.8929,95.98,-12500,0.1429,-61.9,0.4618,-0.13,-2306.56,-1036085,283049.45,2035.71,10.03
285500,-0.963,96.13,-12500,0.1429,-71.67,0.4533,-0.14,-2375.88,-1101323,283384.62,2000,10.03
287000,-0.8333,99.65,-11500,0.1892,-61.1,0.4459,-0.14,-2283.46,-1031860,284648.35,2000,14.77
287000,-0.6667,99.83,-10000,0.2059,-14.14,0.4395,-0.14,-2185.02,-1031860,286027.47,1892.86,17.92
281000,-0.96,97.74,-7000,0.25,-158.59,0.4813,-0.15,-2561.63,-1432257,284439.56,2035.71,18.08
282500,-0.84,98.26,-5000,0.3333,-248.23,0.5176,-0.15,-2707.85,-1303147,283423.08,2178.57,18.03
286000,-0.56,99.13,-1500,0.4595,-24.18,0.4557,-0.15,-2512.34,-1168788,283571.43,2607.14,27.22
288000,-0.4,100,500,0.5122,65.23,0.402,-0.15,-2170.99,-1093292,284340.66,2857.14,33.25
287500,-0.44,99.83,-1000,0.475,88.64,0.3554,-0.14,-1918.7,-1148114,285126.37,2857.14,32.63
287000,-0.48,100,-1000,0.475,65.12,0.3218,-0.13,-1739.06,-1190982,285714.29,2964.29,31.61
286500,-0.52,100.17,-1500,0.4634,30.32,0.2995,-0.12,-1618.38,-1226721,286192.31,3000,31.68
285500,-0.6,100,-1500,0.4634,-10.77,0.2872,-0.11,-1585.16,-1278522,286258.24,3035.71,31.61
284500,-0.68,99.3,-1500,0.4634,-92.37,0.3001,-0.1,-1620.84,-1351676,285912.09,3035.71,34.07
285500,-0.6,100,0,0.5,-46.03,0.3112,-0.1,-1550.55,-1308175,285813.19,3071.43,37.58
284500,-0.68,99.13,-2000,0.4524,-57.96,0.3209,-0.09,-1557.58,-1352736,285604.4,3071.43,33.38
286500,-0.52,99.83,1000,0.5227,4.46,0.3024,-0.08,-1385.8,-1303188,285857.14,3142.86,37.79
288000,-0.4,102.49,1000,0.5227,97.4,0.2697,-0.08,-1115.76,-1249133,286769.23,3178.57,37.02
286500,-0.52,101.42,-500,0.4894,31.69,0.2413,-0.07,-1011.13,-1326584,287219.78,3285.71,32.64
282000,-0.7895,98.6,1000,0.5227,-173.44,0.2774,-0.06,-1276.61,-1523494,285346.15,2857.14,38.94
280000,-0.95,97.22,-2500,0.4444,-229.63,0.3116,-0.07,-1629.6,-1641270,283131.87,2785.71,39.38
279500,-0.9524,97.22,-6500,0.3333,-182.4,0.3444,-0.08,-1927.48,-1713169,281472.53,2428.57,28.29
279000,-1,97.21,-9000,0.25,-149.52,0.3728,-0.09,-2178.78,-1784696,280236.26,2178.57,20.7
277500,-0.9565,96.86,-10000,0.2368,-137.79,0.4098,-0.1,-2470.49,-1893176,278780.22,2250,14.32
277000,-1,97.02,-10000,0.2368,-125.66,0.4419,-0.11,-2710.78,-1952269,277423.08,2178.57,14.13
274500,-0.8485,96.49,-12000,0.2143,-146.94,0.4889,-0.13,-3067.57,-2120875,275593.41,2464.29,12.6
275500,-0.7879,96.5,-10000,0.2619,-116.88,0.5296,-0.14,-3232.38,-2065404,274269.23,2535.71,17.15
275000,-0.8182,96.66,-9500,0.2683,-93.37,0.5524,-0.16,-3364.56,-2115773,272956.04,2464.29,21.74
272500,-0.9697,95.11,-13000,0.2045,-114.55,0.5815,-0.17,-3629.2,-2200383,271417.58,2535.71,17.39
272000,-1,94.44,-12500,0.2093,-109.91,0.6081,-0.18,-3835.07,-2306170,269989.01,2571.43,16.6
272500,-0.9697,95.11,-14000,0.15,-97.71,0.6313,-0.19,-3912.77,-2211793,269467.03,2500,13.12
274000,-0.8621,97.16,-14000,0.15,-74.76,0.6363,-0.2,-3809.4,-2134201,270098.9,2464.29,14.55
273000,-0.9231,97.5,-13500,0.1538,-76.94,0.6407,-0.21,-3764.77,-2191573,270642.86,2428.57,14.83
276500,-0.3437,98.93,-5500,0.3514,-54.92,0.6684,-0.2,-3407.7,-1817066,271840.66,2857.14,39.55
276000,-0.3333,98.92,-4000,0.3824,36.52,0.6923,-0.2,-3129,-1931288,272725.27,2928.57,47.9
275500,-0.3214,99.28,-4000,0.3824,17.16,0.7141,-0.19,-2914.87,-1973069,273510.99,2928.57,48.99
276500,-0.25,99.82,-2500,0.4286,66.67,0.7197,-0.17,-2634.11,-1931088,274626.37,2964.29,53.26
279500,0,101.82,2000,0.5526,148.8,0.6695,-0.16,-2144.81,-1851818,276417.58,3035.71,60.59
277500,-0.1481,100.73,500,0.5122,134.88,0.6259,-0.14,-1896.56,-1890881,277483.52,3142.86,61.54
277000,-0.1852,100.73,2500,0.5676,94.84,0.5882,-0.12,-1720.33,-1915334,277950.55,2857.14,69.26
277000,-0.1852,101.65,1500,0.5429,70.61,0.5614,-0.11,-1562.66,-1915334,278510.99,2785.71,66.43
276000,-0.2593,101.47,1000,0.5278,42,0.5441,-0.09,-1501.09,-1942748,278648.35,2785.71,63.19
275500,-0.2963,101.1,3000,0.5938,12.96,0.5349,-0.08,-1475.63,-1971221,278170.33,2678.57,66.59
275000,-0.3333,100.36,3000,0.5938,-15.91,0.5326,-0.08,-1478.75,-1998637,277362.64,2607.14,71.99
277500,-0.1481,101.65,5000,0.6389,20.02,0.4861,-0.07,-1264.92,-1959715,277258.24,2750,73.09
277000,-0.1852,100.18,3000,0.5882,48.48,0.4458,-0.06,-1122.85,-1987792,277109.89,2714.29,71.7
276000,-0.2593,100,3000,0.5882,-32.86,0.4206,-0.05,-1078.53,-2019668,276401.1,2714.29,73.65
269000,-0.913,97.64,-7500,0.3171,-305.58,0.4603,-0.06,-1589.91,-2347198,274208.79,2535.71,34.99
264500,-0.9677,95.66,-11500,0.2653,-329.34,0.5047,-0.07,-2331.42,-2559910,270890.11,2642.86,19.74
264000,-0.8158,94.45,-11500,0.2653,-228.52,0.5489,-0.09,-2925.7,-2816464,267719.78,2857.14,16.29
263500,-0.8421,94.95,-13000,0.2292,-152.56,0.5873,-0.12,-3397.84,-2906026,264961.54,2892.86,19.32
264000,-0.8158,95.31,-15500,0.1395,-118.13,0.6205,-0.14,-3689.15,-2860288,263302.2,2642.86,13.58
264000,-0.8056,95.31,-13500,0.1538,-95.24,0.6385,-0.16,-3875.34,-2860288,261802.2,2535.71,18.92
262500,-0.8857,95.11,-14500,0.1463,-92.18,0.6596,-0.18,-4096.71,-2970065,260230.77,2607.14,17.69
263500,-0.8286,95.64,-13500,0.186,-73.98,0.6779,-0.2,-4143.69,-2917391,259423.08,2642.86,21.27
262500,-0.8857,95.45,-13500,0.186,-66.61,0.6937,-0.21,-4213.04,-2981435,258598.9,2642.86,20.72
263000,-0.8571,94.77,-12500,0.2093,-63.37,0.7091,-0.22,-4179.49,-2921469,258274.73,2642.86,20.27
262500,-0.8857,94.77,-12500,0.2093,-60.32,0.7225,-0.23,-4145.45,-2996338,258131.87,2642.86,19.62
264000,-0.8,95.65,-13500,0.1707,-42.16,0.7003,-0.23,-3951.89,-2929349,259269.23,2500,21.06
263000,-0.8571,97.77,-14000,0.1667,-40.53,0.6656,-0.23,-3834.97,-2995096,260478.02,2571.43,18.57
263000,-0.8571,99.43,-13000,0.175,-50.55,0.6356,-0.22,-3699.66,-2995096,261972.53,2500,18.35
269500,-0.3077,102.08,500,0.5128,362.53,0.622,-0.21,-3032.98,-2526135,264521.98,2535.71,45.86
270500,-0.2308,102.66,6000,0.6875,223.86,0.6101,-0.19,-2396.31,-2429099,266549.45,2321.43,49.29
271500,-0.1667,102.84,7500,0.7273,168.86,0.6048,-0.16,-1790.41,-2363268,268576.92,2107.14,61.19
270000,-0.2917,102.27,6500,0.6857,113.93,0.6002,-0.13,-1414.96,-2398491,269840.66,2071.43,56.8
270000,-0.2917,102.86,6000,0.6765,83.53,0.5858,-0.11,-1104.68,-2398491,270978.02,2107.14,54.84
270500,-0.25,102.66,6500,0.6857,77.78,0.5769,-0.08,-809.11,-2364617,272060.44,2107.14,53.7
271000,-0.2174,103.24,8500,0.7576,69.21,0.5693,-0.06,-528.42,-2330035,272807.69,2000,59.78
271000,-0.2174,103.04,7500,0.7419,65.81,0.567,-0.03,-302.5,-2330035,273450.55,1928.57,59.14
270000,-0.3043,102.86,7500,0.7419,50.43,0.55,-0.02,-201.81,-2380522,273384.62,1928.57,59.74
270500,-0.2609,102.46,7500,0.7419,41.93,0.5205,0,-80.74,-2327474,273302.2,1964.29,60
269500,-0.3636,102.47,7000,0.7188,24.53,0.4805,0.01,-64.74,-2395668,272598.9,2035.71,60.24
269000,-0.4091,102.28,5000,0.6667,-0.9,0.4458,0.02,-91.35,-2464007,271785.71,2000,54.51
270000,-0.3333,100.19,7000,0.7333,0.76,0.4259,0.02,-31.38,-2390757,270917.58,1964.29,60.3
270000,-0.7778,99.82,7000,0.7333,-54.31,0.4086,0.03,15.95,-2390757,269818.68,1964.29,64.42
264000,-0.7619,97.24,-5500,0.3103,-430.77,0.4338,0.02,-425.77,-2568869,267917.58,1821.43,32.59
264500,-0.7143,97.96,-6000,0.2857,-208.12,0.4461,0.01,-727.11,-2461022,266516.48,1892.86,44.21
267000,-0.45,98.89,-4500,0.3548,-90.35,0.415,0,-755.49,-2391492,266203.3,2071.43,44.37
271500,0,100.37,1500,0.5405,35.25,0.3622,0,-410.14,-2294047,267060.44,2285.71,51.72
269500,-0.2727,99.45,-500,0.4878,53.09,0.3271,0,-294.44,-2368318,267296.7,2428.57,57.77
270000,-0.2273,99.63,-500,0.4878,17.07,0.2841,0,-160.55,-2314413,267780.22,2464.29,53.23
268500,-0.3636,99.44,-2500,0.4419,8.29,0.253,0,-173.47,-2360116,267939.56,2535.71,49.22
268500,-0.3636,99.26,-2500,0.4419,-11.97,0.2197,0,-181.63,-2360116,268181.32,2535.71,46.41
269000,-0.3182,99.81,-1000,0.4762,0.52,0.1907,0.01,-146.06,-2337569,268472.53,2500,50.05
269500,-0.2727,100.19,-1000,0.4762,27.01,0.1811,0.01,-76.64,-2290419,269027.47,2535.71,55.22
270500,-0.1818,100.19,1000,0.5238,57.25,0.1803,0.01,58.39,-2249264,269725.27,2535.71,61.18
269500,-0.2727,99.81,500,0.5116,54.87,0.1874,0.01,83.75,-2320133,270016.48,2607.14,65.95
270500,-0.1818,102.46,500,0.5116,61.52,0.1935,0.01,182.44,-2279715,270752.75,2607.14,64.62
270000,-0.2273,102.08,0,0.5,61.52,0.1988,0.02,217.79,-2307395,271329.67,2642.86,62.59
281500,-0.122,105.43,17500,0.8182,382.09,0.28,0.04,1160.38,-1802541,274137.36,3035.71,89.21
282000,-0.1026,103.87,17500,0.8182,263.11,0.3505,0.06,1925.55,-1650964,276598.9,3071.43,89.68
280500,-0.2059,104.08,13500,0.7547,169.78,0.4124,0.09,2383.43,-1742727,278494.51,2964.29,89.05
282500,-0.0937,104.63,11000,0.7292,130.65,0.4661,0.12,2874.55,-1659163,281307.69,2821.43,88.95
282500,-0.0937,105.21,13000,0.7955,107.94,0.5126,0.15,3226.58,-1659163,283406.59,2678.57,88.76
281500,-0.1562,104.84,11500,0.7556,84.23,0.5408,0.17,3385.84,-1699251,284879.12,2678.57,89.74
281000,-0.1875,104.46,12500,0.7907,65.58,0.5526,0.19,3432.15,-1731487,285565.93,2607.14,90.74
282000,-0.125,104.64,13500,0.8,62.5,0.5658,0.2,3509.09,-1680423,286126.37,2642.86,93.15
283500,-0.0312,104.81,14500,0.8085,70.68,0.5851,0.21,3649.03,-1616312,286758.24,2714.29,93.42
282500,-0.0968,104.82,13000,0.7708,65.73,0.6043,0.22,3637.32,-1690458,286714.29,2714.29,93.14
282500,-0.1,104.44,12000,0.7609,60.14,0.6209,0.22,3586.7,-1690458,286417.58,2678.57,88.44
283000,-0.0667,104.81,13500,0.8,61.73,0.6352,0.22,3546.05,-1630896,285692.31,2642.86,89.05
284000,0,100.89,13500,0.8,89.19,0.6508,0.22,3553.56,-1556317,284983.52,2642.86,89.4
284000,0,100.71,14000,0.8182,135.74,0.6643,0.22,3518.95,-1556317,283741.76,2607.14,89.9
285000,-0.4783,101.6,3500,0.6522,180,0.6959,0.22,3531.5,-1150597,284346.15,2392.86,89.1
285000,-0.5,100.88,3000,0.6364,106.29,0.7232,0.22,3501.09,-1150597,284923.08,2392.86,78.95
285000,-0.5,100.88,4500,0.7368,102.68,0.7469,0.21,3437.36,-1150597,285137.36,2321.43,80.24
285000,-0.5,101.24,2500,0.6667,111.69,0.7682,0.21,3348.27,-1150597,285554.95,2250,79.98
285000,-0.5,101.42,2500,0.6667,102.51,0.7868,0.2,3240.3,-1150597,285890.11,2250,79.57
284000,-0.5909,100.71,2500,0.6667,54.32,0.7823,0.19,3039.02,-1183225,285681.32,2214.29,80.09
282000,-0.7727,99.47,1000,0.5556,-57.89,0.704,0.18,2687.14,-1251698,284730.77,2392.86,77.53
280500,-0.8333,99.29,-1500,0.4211,-208.13,0.6329,0.16,2261.17,-1361953,283494.51,2571.43,69.5
281500,-0.75,99.65,-2000,0.3889,-143.97,0.5712,0.14,1981.44,-1298989,282857.14,2607.14,69.46
281500,-0.75,99.47,-1000,0.4375,-91.5,0.5079,0.12,1739.69,-1298989,282109.89,2571.43,70.36
281000,-0.7917,98.94,-1500,0.4118,-134.46,0.4853,0.11,1490.58,-1386438,281252.75,2678.57,68.36
280500,-0.8333,98.77,-2500,0.3529,-93.13,0.4658,0.09,1238.53,-1429003,280390.11,2642.86,67.92
280500,-0.8333,98.42,-3500,0.2667,-89.64,0.4599,0.07,1026.95,-1429003,279785.71,2678.57,61.6
281000,-0.7917,98.6,-3000,0.3125,-60.36,0.4547,0.06,889.36,-1402392,279439.56,2714.29,60.65
281500,-0.4444,98.77,-3500,0.2667,-64.11,0.4833,0.05,811.31,-1240090,279510.99,2464.29,34.28
283500,-0.2222,99.47,-1500,0.4211,14.36,0.5081,0.04,900.46,-1175974,280269.23,2500,42.55
286000,-0.05,100.35,1000,0.5417,121.33,0.4761,0.04,1159.47,-1087864,281791.21,2607.14,43.68
286500,-0.0909,100.88,1500,0.56,153.42,0.4314,0.04,1389.08,-1000977,283423.08,2678.57,44.81
284500,-0.2727,100.89,-500,0.4828,102.28,0.4045,0.05,1393.6,-1052147,284434.07,2785.71,40.83
285000,-0.2273,101.6,1000,0.5357,92.35,0.3812,0.05,1421.14,-1022322,285428.57,2821.43,40.95
285000,-0.2273,101.24,3000,0.625,84.26,0.361,0.05,1426.52,-1022322,286038.46,2642.86,44.94
285000,-0.2273,101.24,4500,0.7143,65.88,0.3511,0.05,1414.48,-1022322,286285.71,2464.29,49.58
285000,-0.2273,101.42,3500,0.6842,65.9,0.329,0.06,1388.93,-1022322,286560.44,2392.86,47.55
284500,-0.2727,101.43,3000,0.65,48.14,0.3189,0.06,1313.2,-1048698,286576.92,2428.57,43.66
284000,-0.3182,101.25,3000,0.65,19.76,0.3188,0.06,1199.01,-1079080,286263.74,2321.43,46.89
284500,-0.2727,101.25,4000,0.7,19.44,0.3188,0.05,1135.77,-1050396,285906.59,2357.14,45.93
285000,-0.2273,101.24,4500,0.7143,27.18,0.3187,0.05,1113.17,-1026583,285560.44,2285.71,53.3
284500,-0.2727,100.35,3500,0.6667,5.51,0.3187,0.05,1042.89,-1054151,285010.99,2285.71,49.35
289500,-0.1364,101.22,8000,0.7667,344.26,0.3511,0.05,1374.8,-813569,285862.64,2214.29,75.76
290500,-0.0625,101.4,7000,0.75,235.79,0.3792,0.06,1698.95,-732716,287087.91,2071.43,76.34
289500,-0.2941,101.76,3500,0.64,161.33,0.4106,0.07,1853.78,-840267,288236.26,2035.71,73.35
289000,-0.3529,101.4,2500,0.6,98.88,0.4238,0.08,1914.07,-883275,289214.29,1964.29,64.9
289000,-0.3529,101.4,4500,0.7143,68.11,0.4213,0.09,1939.5,-883275,289758.24,1857.14,64.97
288000,-0.4706,101.05,3000,0.6364,44.83,0.4051,0.09,1857.54,-929424,289956.04,1857.14,63.33
287000,-0.5882,100.7,2000,0.5833,20.29,0.3774,0.09,1692.39,-972351,289769.23,1892.86,58.54
287000,-0.5882,100.88,2000,0.5833,-4.65,0.3351,0.09,1543.72,-972351,289516.48,1964.29,56.77
286500,-0.6471,100.88,1500,0.56,-19.51,0.2984,0.08,1369.75,-1001680,289054.95,1928.57,52.69
286500,-0.6471,100.7,2000,0.5833,-30.54,0.2775,0.08,1217.85,-1001680,288456.04,1892.86,52.16
285500,-0.7647,100.18,1500,0.56,-62.1,0.2699,0.07,1005.18,-1050437,287417.58,1892.86,50.86
286000,-0.75,100.53,1500,0.56,-69.57,0.2813,0.06,867,-982637,286560.44,2000,48.9
288500,-0.4375,99.65,3500,0.6207,10.3,0.2482,0.05,948.28,-896475,286456.04,2142.86,53.04
288000,-0.5,99.14,3500,0.6207,7.69,0.2194,0.05,961.27,-950228,286005.49,2142.86,58.02
287000,-0.5556,99.14,-2500,0.381,-62.78,0.253,0.05,880.72,-1152194,286032.97,2142.86,29.22
286000,-0.6667,98.96,-4500,0.2857,-35.9,0.2822,0.04,727.81,-1231454,286032.97,2178.57,28.99
287000,-0.4286,99.31,-2500,0.381,-68.73,0.3219,0.04,679.48,-1161885,286291.21,2214.29,26.56
288000,-0.2308,100,-1000,0.4545,40.71,0.334,0.03,713.64,-1103612,286829.67,2285.71,33.02
289500,0,100.87,500,0.52,158.44,0.3239,0.03,851.93,-1050262,287829.67,2321.43,39.23
288500,-0.1538,100.52,500,0.52,102.02,0.3262,0.03,870.8,-1090733,288351.65,2392.86,39.5
289000,-0.0769,100.87,2000,0.5833,109.45,0.3281,0.04,915.55,-1064178,288824.18,2357.14,43.52
288500,-0.1538,100.7,1500,0.56,73.02,0.336,0.04,900.28,-1110033,289087.91,2285.71,43.32
289000,-0.0769,101.23,2500,0.6,82.67,0.3427,0.04,917.95,-1084484,289357.14,2285.71,46.63
288000,-0.2308,100.7,1500,0.5556,23.33,0.3664,0.04,841.56,-1140215,289258.24,2357.14,45.39
289000,-0.0769,100.17,3500,0.6296,51.85,0.3868,0.04,851.89,-1098580,289219.78,2392.86,50.73
289000,-0.0769,100.35,3000,0.6154,74.67,0.4046,0.04,850.28,-1098580,289153.85,2250,53.28
290500,-0.0625,101.22,2000,0.5833,163.94,0.3576,0.04,958.98,-980956,289857.14,2214.29,54.93
292000,0,102.1,4000,0.6538,246.16,0.3241,0.04,1152.88,-894575,290835.16,2285.71,56.54
293500,-0.2963,102.26,6500,0.7407,252.09,0.3533,0.05,1411.31,-480718,291934.07,2285.71,81.94
293000,-0.3333,101.74,7000,0.7692,137,0.3787,0.06,1557.82,-601732,292500,2321.43,72.47
293500,-0.3478,101.38,6500,0.76,126.96,0.4006,0.07,1694.74,-530474,293153.85,2178.57,78.22
292000,-0.5,101.21,4000,0.6538,74.98,0.3949,0.07,1663.04,-614275,293340.66,2142.86,71.86
293000,-0.4091,101.38,3500,0.64,72.41,0.39,0.08,1699.02,-569225,293945.05,2107.14,71.68
292500,-0.4545,101.39,4000,0.6667,57.47,0.3857,0.08,1667.97,-601846,294115.38,2000,72.11
292500,-0.4545,101.21,3500,0.6522,54.9,0.382,0.08,1624.63,-601846,294241.76,1964.29,71.84
293000,-0.4091,101.74,4500,0.6957,59.07,0.387,0.09,1612.04,-562359,294307.69,1928.57,75.5
293500,-0.3636,101.56,4500,0.6957,71.54,0.3991,0.09,1623.7,-505616,294456.04,1928.57,76.13
293500,-0.381,101.56,5500,0.7619,78.17,0.4096,0.09,1614.33,-505616,294280.22,1785.71,80.33
294500,-0.3158,101.38,5500,0.7619,109.39,0.4333,0.09,1668.36,-416960,294384.62,1785.71,81.09
294000,-0.3889,100.68,5000,0.7273,118.41,0.4539,0.09,1651.8,-460804,294164.84,1785.71,81.07
294000,-0.5385,100.17,3500,0.6842,108.77,0.4717,0.09,1619.99,-460804,294043.96,1678.57,79.13
294000,-0.5385,100.34,2000,0.625,66.67,0.4871,0.09,1576.62,-460804,294071.43,1571.43,74.95
302000,-0.0435,102.9,8500,0.7931,380.95,0.5423,0.09,2162.84,-21423,296582.42,1714.29,75.75
301000,-0.1739,103.08,8000,0.7667,245.5,0.5908,0.1,2517.71,-235421,298439.56,1750,87.63
300000,-0.2609,102.39,6500,0.7097,146.5,0.6328,0.12,2687.28,-352857,299835.16,1785.71,78.62
299000,-0.3636,102.22,7000,0.7333,89.68,0.6276,0.13,2709.74,-476911,300467.03,1821.43,76.04
299000,-0.3636,102.22,6000,0.7143,73.21,0.623,0.13,2696.46,-476911,301043.96,1857.14,75.18
298500,-0.4286,101.88,6000,0.7143,42.11,0.5811,0.13,2615.43,-541554,301192.31,1928.57,73.26
299500,-0.3333,102.04,7000,0.7333,41.67,0.5447,0.14,2601.92,-482281,301428.57,2107.14,74.17
300000,-0.3,102.21,7000,0.7333,56.8,0.52,0.14,2601.57,-445281,301664.84,2142.86,74.14
300500,-0.25,102.04,7000,0.7333,62.1,0.5052,0.14,2611.53,-367476,301901.1,2178.57,74.57
300500,-0.25,102.21,7000,0.7333,66.06,0.499,0.14,2589.57,-367476,301906.59,2250,74.97
299500,-0.3889,101.87,5000,0.6667,51.2,0.4935,0.14,2463.09,-424390,301571.43,2214.29,70.11
299500,-0.3889,101.87,5500,0.6897,26.16,0.4537,0.13,2335.92,-424390,300983.52,2285.71,64.36
301500,-0.1667,99.83,7500,0.7273,87.1,0.4377,0.13,2369.21,-346211,300785.71,2357.14,66.28
301000,-0.3077,100,7000,0.7059,101.22,0.4238,0.13,2328.41,-439599,300197.8,2392.86,69.84
305000,-0.0556,101.67,3000,0.6154,223.9,0.457,0.13,2589,-184228,301928.57,2250,65.72
310500,-0.0667,103.85,9500,0.7714,339.39,0.5049,0.14,3202.4,74646,304956.04,2464.29,67.01
310000,-0.1,103.68,10000,0.7941,215.12,0.5464,0.15,3606.61,-78212,307351.65,2571.43,76.18
310500,-0.0667,104.02,11500,0.8485,158.08,0.5823,0.17,3922.08,24893,309384.62,2571.43,84.68
308000,-0.2333,102.84,9000,0.7368,108.36,0.6006,0.18,3925.12,-61699,310324.18,2678.57,79.63
308500,-0.2,102.83,10000,0.7632,81.9,0.6165,0.19,3922.65,-24991,311021.98,2607.14,81.07
309500,-0.1538,103,10000,0.7632,79.52,0.6349,0.19,3955.79,6363,311851.65,2500,80.72
310000,-0.1154,103.16,10000,0.7632,76.95,0.653,0.2,3976.56,42950,312582.42,2464.29,80.73
310500,-0.0769,103.67,10000,0.7632,72.1,0.6709,0.2,3987.4,89825,313214.29,2464.29,80.33
311000,-0.0741,103.84,10500,0.7692,77.05,0.6904,0.2,3990.34,149172,313659.34,2464.29,80.39
312000,0,103.48,12500,0.8205,77.93,0.7073,0.2,4026.94,206501,313868.13,2464.29,84.42
313000,-0.0667,103.99,13500,0.8293,106.4,0.7287,0.21,4089.5,290925,313950.55,2500,91.03
313500,-0.0333,102.79,12000,0.8158,130.7,0.7472,0.21,4131.79,348731,314082.42,2428.57,90.92
314500,0,101.29,13500,0.8462,157.58,0.7647,0.21,4197.62,405976,314016.48,2464.29,90.69
309500,-0.7353,99.84,4500,0.6098,88.12,0.7894,0.2,3802.49,-90000,312780.22,3035.71,60.31
314500,-0.5172,101.29,4000,0.6,92.19,0.8109,0.2,3848.45,56349,313791.21,3142.86,57.32
313500,-0.5862,101.79,3500,0.5854,78.7,0.8295,0.19,3760.82,-21671,314296.7,3107.14,52.34
310500,-0.7931,100.65,0,0.5,2.94,0.8056,0.19,3410,-95209,313917.58,3178.57,45.47
311500,-0.7241,100.65,3500,0.5814,-19.49,0.7726,0.18,3176.04,-27424,313384.62,3142.86,46.13
312000,-0.6897,100.65,3500,0.5814,-0.63,0.7441,0.16,2996.44,-3676,312967.03,3142.86,48.51
312000,-0.6897,100.48,2500,0.561,6.59,0.7269,0.15,2821.58,-3676,312609.89,3178.57,48.87
310500,-0.7931,99.84,500,0.5116,-76.19,0.6727,0.14,2532.76,-64191,311829.67,3321.43,45.09
309500,-0.8621,99.2,-1000,0.4773,-148.84,0.614,0.13,2197.85,-123843,310835.16,3321.43,41.02
309500,-0.8621,98.88,-1500,0.4651,-148.07,0.5517,0.11,1910.41,-123843,309961.54,3321.43,36.11
311000,-0.7586,99.2,-1000,0.4773,-96.73,0.5062,0.1,1783.09,-62647,309741.76,3357.14,36.29
311500,-0.7241,99.05,-1500,0.4651,-36.3,0.4823,0.09,1702.9,-20853,309873.63,3285.71,34.11
311000,-0.7586,100.48,-2500,0.4419,-38.65,0.4616,0.08,1580.79,-70180,310000,3321.43,29.7
311000,-0.7586,98.89,-3500,0.4146,-40.58,0.4437,0.07,1467.1,-70180,310384.62,3250,25.29
311000,-0.5714,99.2,1500,0.5484,-91.17,0.4304,0.06,1361.31,-70180,310005.49,2678.57,32.74
312000,-0.3529,100.48,-2500,0.3913,76.92,0.3897,0.05,1342.68,29681,310741.76,2428.57,29.25
311000,-0.4375,99.84,-2500,0.3913,38.37,0.3544,0.05,1233.01,-27471,311098.9,2392.86,27.52
311000,-0.4375,99.68,500,0.5294,7.73,0.3238,0.04,1133.04,-27471,311010.99,2250,28.5
311000,-0.4375,99.68,-500,0.4667,25.78,0.2973,0.04,1041.8,-27471,311082.42,2142.86,33.09
312000,-0.3125,100.48,0,0.5,66.29,0.2744,0.03,1038.22,1288,311543.96,2142.86,33.46
312000,-0.3125,100.81,0,0.5,109.16,0.2395,0.03,1023.58,1288,312005.49,2071.43,32.37
313000,-0.1875,101.13,2500,0.6667,166.67,0.2311,0.03,1080.22,32801,312489.01,1964.29,37.14
313000,-0.1875,100.64,3500,0.7692,154.8,0.2239,0.03,1112.28,32801,312714.29,1928.57,44.41
313000,-0.1875,100.48,3500,0.7692,105,0.2003,0.03,1124.73,32801,312824.18,1892.86,46.22
312000,-0.3125,100.32,1000,0.5833,60.76,0.1798,0.03,1041.89,-10136,312796.7,1821.43,39.74
312000,-0.3125,100.32,500,0.5455,52.38,0.162,0.03,965.12,-10136,312824.18,1785.71,36.48
313000,-0.1875,100.64,2000,0.6667,75,0.1466,0.03,973.74,30136,313032.97,1750,42.2
313500,-0.125,100.48,2500,0.6923,138.36,0.1542,0.03,1009.28,74775,313318.68,1785.71,48.24
314500,-0.3077,101.13,3500,0.7333,158.11,0.1607,0.04,1105.4,270339,313807.69,1750,76.1
315000,-0.25,101.29,3000,0.7143,183.59,0.1664,0.04,1208,351044,314500,1571.43,75.49
320500,-0.1304,103.05,9500,0.913,321.38,0.2527,0.05,1713.36,499939,316489.01,1892.86,85.33
318500,-0.3043,102.08,7500,0.7778,198.66,0.3275,0.06,1930.23,430104,317593.41,2035.71,82.22
316500,-0.4783,101.44,5500,0.6774,103.61,0.3463,0.07,1918.6,364035,317879.12,2214.29,75.36
314000,-0.6957,100.32,2000,0.5588,20.81,0.3272,0.07,1688.19,317228,317445.05,2321.43,70.63
316500,-0.4783,101.12,4500,0.6154,46.92,0.3176,0.07,1687.86,352622,317659.34,2464.29,70.98
317000,-0.4348,101.28,4000,0.6053,65.18,0.3162,0.08,1708.26,378293,318043.96,2500,70.8
317500,-0.3913,101.76,4500,0.6154,87.74,0.3329,0.08,1744.66,434830,318439.56,2571.43,70.56
319000,-0.2609,102.24,6000,0.6429,105.93,0.361,0.08,1872.95,509567,319115.38,2714.29,75.68
320000,-0.1739,102.24,8000,0.6905,104.97,0.3854,0.09,2031.89,561370,319703.3,2750,80.46
319500,-0.2174,101.91,7500,0.6744,93.49,0.4065,0.09,2093.38,509192,319884.62,2750,80.46
321500,-0.0435,102.23,8500,0.6889,124.71,0.4414,0.1,2277.24,587418,320565.93,2857.14,81.25
322000,0,102.22,8500,0.6889,138.34,0.4716,0.1,2435.23,629190,321197.8,2857.14,81.22
324500,-0.0833,101.25,10000,0.7083,150.54,0.515,0.11,2730.68,809503,322439.56,2892.86,81.03
319000,-0.5652,100.16,4000,0.569,59.89,0.5254,0.12,2492.3,714041,321868.13,3214.29,71.49
316500,-0.7826,100,-4000,0.4231,-60.83,0.482,0.11,2077.7,603026,321417.58,2964.29,58.51
317000,-0.7391,100.96,-1500,0.4694,-62.79,0.4444,0.1,1769.08,650640,320890.11,2857.14,59.95
315000,-0.913,99.53,-1500,0.4694,-88.15,0.3933,0.09,1347.58,572603,319489.01,2821.43,59.2
314000,-0.92,99.05,0,0.5,-134.41,0.3564,0.08,922.21,509870,317412.09,2785.71,58.22
312500,-0.963,98.43,-4000,0.4091,-148.77,0.3379,0.06,458.78,448213,315346.15,2714.29,53.06
319000,-0.4815,100,2000,0.5357,-43.02,0.3283,0.05,608.99,507363,315357.14,3071.43,54.62
319000,-0.4815,99.69,1500,0.5273,14.75,0.3281,0.04,719.73,507363,315390.11,3107.14,54.46
318500,-0.5185,99.69,-500,0.4906,-2,0.3198,0.03,758.4,464070,315494.51,3035.71,48.49
319000,-0.4815,99.22,-1000,0.4808,26.94,0.3221,0.03,819.94,508424,315934.07,3035.71,48.08
315500,-0.7407,97.98,-4000,0.431,-42,0.2841,0.03,579.62,428212,315318.68,3250,44.38
315000,-0.7778,97.07,-6500,0.3818,-78,0.2669,0.02,344.83,351471,315043.96,3250,36.89
314000,-0.8519,98.43,-8000,0.3571,-94.61,0.2519,0.01,77.19,288661,314785.71,3285.71,32.19
310500,-0.6667,98.1,-14000,0.2586,-222.21,0.2988,0,-412.59,-14539,314230.77,3571.43,13.42
310500,-0.5758,97.95,-8500,0.3191,-123.67,0.3122,-0.02,-791.62,-14539,313170.33,3464.29,22.02
311000,-0.5455,98.73,-5500,0.3721,-113.18,0.3239,-0.03,-1039.67,41584,312093.41,3428.57,23.12
312500,-0.4545,99.52,-4500,0.4,-71.35,0.3221,-0.05,-1102.51,108104,311714.29,3500,28.51
311500,-0.5152,99.68,-3500,0.4186,-62.32,0.3206,-0.06,-1218.95,69999,310846.15,3428.57,30.6
311000,-0.5455,97.49,-3000,0.4286,-64.54,0.323,-0.07,-1336.17,32445,309774.73,3428.57,31.35
310500,-0.5758,97.34,-2000,0.45,-68.18,0.325,-0.07,-1452.67,12866,308395.6,3357.14,32.67
310000,-0.6061,97.33,-9000,0.1786,-65.87,0.3268,-0.08,-1567.27,-5986,308082.42,2892.86,27.85
314500,-0.3333,98.59,-4500,0.3784,3.88,0.2975,-0.08,-1280.23,77049,309351.65,3035.71,29.97
312500,-0.4545,99.05,-6000,0.35,11.08,0.2721,-0.08,-1200.29,16206,310109.89,3107.14,29.47
313000,-0.3871,99.37,-6000,0.35,37.89,0.25,-0.08,-1084.1,62581,311296.7,3142.86,29.55
313000,-0.24,99.68,-2500,0.4242,63.69,0.2309,-0.07,-980.71,62581,312065.93,2964.29,35.62
313500,-0.0909,100.97,-1500,0.4545,90.25,0.2144,-0.07,-848.64,106746,312972.53,2857.14,41.53
313500,-0.0909,100.97,-500,0.4839,94.93,0.2,-0.06,-735.5,106746,313752.75,2785.71,44.49
312500,-0.2857,100.48,2000,0.5769,-23.05,0.2389,-0.06,-718.25,-40624,313648.35,2535.71,53.74
310000,-0.6429,99.2,-500,0.4839,-80.61,0.2726,-0.05,-895.98,-116883,312763.74,2428.57,41.2
311500,-0.4286,100,500,0.5152,-55.77,0.3019,-0.05,-905.35,-73569,312412.09,2464.29,48.17
311500,-0.4286,100.16,-1000,0.4667,-5.98,0.3143,-0.05,-902.38,-73569,312307.69,2392.86,46.13
311500,-0.4286,100.32,0,0.5,-17.37,0.3251,-0.05,-889.77,-73569,312060.44,2357.14,44
311500,-0.4286,100.48,500,0.5185,-31.11,0.3344,-0.05,-869.75,-73569,311725.27,2285.71,44.84
313000,-0.2143,99.52,2500,0.5862,37.04,0.2998,-0.04,-724.49,-36952,311714.29,2357.14,48.96
313500,-0.1429,100.32,3500,0.6207,74.16,0.2615,-0.04,-562.55,2682,311675.82,2428.57,53.02
314000,-0.0714,100.32,-500,0.4762,101.71,0.2396,-0.03,-389.37,38785,312456.04,2214.29,49.77
313000,-0.2143,100,500,0.5263,61.23,0.2078,-0.03,-329.02,6627,312615.38,2142.86,51.97
313500,-0.1429,100,500,0.5263,68.16,0.1803,-0.02,-238.11,31300,312989.01,2071.43,50.3
312500,-0.2857,99.68,-500,0.4762,25.38,0.1822,-0.02,-243.94,-16329,313060.44,2107.14,42.44
312500,-0.2857,100,-1000,0.45,7.87,0.1838,-0.01,-245.72,-16329,313236.26,2107.14,36.07
311500,-0.4286,100.48,-2000,0.4091,-56,0.1975,-0.01,-324.1,-62776,313159.34,2178.57,33.53
308000,-0.8667,98.88,-4500,0.3333,-205.8,0.2609,-0.02,-661.01,-222995,311972.53,2000,32.96
305000,-0.8636,97.91,-5000,0.3214,-275.76,0.3301,-0.03,-1156.75,-374597,309637.36,2107.14,29.74
305500,-0.8182,98.07,-6000,0.2692,-195.65,0.3901,-0.04,-1492.09,-321642,307873.63,1964.29,23.65
304500,-0.9091,97.75,-7000,0.25,-145.98,0.4421,-0.05,-1817.58,-380949,306021.98,2000,17.89
304500,-0.9091,97.28,-7000,0.25,-121.21,0.4872,-0.07,-2051.89,-380949,304401.1,1964.29,17.89
304000,-0.9545,96.97,-7500,0.2414,-103.39,0.5262,-0.08,-2251.96,-408379,302868.13,1928.57,17.83
304000,-0.9545,96.82,-9000,0.1538,-87.5,0.5601,-0.1,-2383.05,-408379,301846.15,1821.43,13.73
304000,-0.9545,97.12,-9500,0.12,-76.28,0.5894,-0.11,-2458.6,-408379,301208.79,1750,8.79
306500,-0.7273,97.77,-7500,0.2414,-42.63,0.5225,-0.11,-2290.35,-332028,301686.81,1892.86,13.57
305000,-0.8571,97.6,-8000,0.2333,-33.03,0.4531,-0.11,-2252.08,-384437,301807.69,1928.57,20.05
305000,-0.8571,97.6,-8500,0.2069,-41.57,0.404,-0.12,-2196.43,-384437,302280.22,1964.29,16.51
305500,-0.7895,98.07,-7000,0.25,-31.22,0.3615,-0.11,-2087.92,-337963,303000,1857.14,22.53
304500,-0.875,98.86,-8000,0.2333,-46.42,0.3373,-0.11,-2058.87,-412772,303664.84,1857.14,21.37
305000,-0.8,100,-6500,0.2759,-23.33,0.3163,-0.11,-1972.77,-378743,304560.44,1821.43,25.94
308000,-0.4375,100.82,0,0.5,318.89,0.3511,-0.1,-1643.52,-81472,305912.09,1964.29,53.91
306000,-0.6875,100.49,1000,0.5385,65.29,0.3347,-0.1,-1526.37,-211771,306164.84,1892.86,55.14
306000,-0.6875,100.49,500,0.52,79.86,0.3204,-0.09,-1417.19,-211771,306472.53,2000,61.97
305000,-0.8125,100.33,500,0.52,-15.56,0.2989,-0.08,-1395.27,-288029,306302.2,1928.57,60.88
307000,-0.5625,100.99,2500,0.5862,66.8,0.2985,-0.07,-1202.66,-180654,306686.81,2071.43,66.85
308500,-0.375,101.48,4500,0.6452,166.9,0.3128,-0.06,-918.38,-111837,307329.67,2178.57,70.66
308500,-0.375,100.65,4500,0.6452,141.19,0.3253,-0.05,-685.19,-111837,307824.18,2178.57,71.52
308000,-0.4375,100.98,4000,0.625,99.18,0.3238,-0.04,-534.57,-162934,308027.47,2214.29,68.37
306500,-0.6667,100.49,0,0.5,41.3,0.2996,-0.03,-530.13,-206016,308109.89,2107.14,63.63
307000,-0.6,100.49,2000,0.5714,26.69,0.2787,-0.03,-480.73,-174457,308071.43,2000,60.11
306500,-0.6667,100.66,1500,0.5517,1.48,0.2483,-0.02,-476.43,-223187,307824.18,2000,59.47
306000,-0.7333,100.33,500,0.5172,-25.23,0.222,-0.02,-507.51,-275773,307472.53,2035.71,55.04
305500,-0.8,99.19,1000,0.5357,-87.09,0.2196,-0.02,-565.97,-365777,306785.71,2107.14,54.3
307000,-0.6,100.33,2000,0.5667,7.41,0.2038,-0.02,-485.66,-84593,306582.42,2178.57,62.43
306000,-0.5455,100,-2000,0.4231,-61.95,0.239,-0.01,-496.98,-219834,306554.95,2071.43,46.42
305500,-0.6364,100.16,-500,0.4783,-61.95,0.2695,-0.01,-540.07,-283301,306098.9,1964.29,51.91
304000,-0.8333,99.02,-2000,0.4231,-164.91,0.3128,-0.02,-687.34,-368947,305230.77,1964.29,44.46
304000,-0.8333,98.54,-1000,0.4583,-159.35,0.3502,-0.02,-794.88,-368947,304252.75,1964.29,46.06
304500,-0.75,98.7,-2500,0.381,-120.57,0.3827,-0.02,-830.2,-355601,303802.2,1785.71,40.84
303500,-0.9091,98.54,-5000,0.25,-134.01,0.4192,-0.03,-928.17,-401952,303412.09,1750,34.54
304000,-0.8182,99.18,-4500,0.2857,-96.39,0.4508,-0.03,-954.48,-377633,303329.67,1785.71,33.94
303500,-0.9091,98.86,-4500,0.2857,-90.37,0.4782,-0.04,-1004.09,-396442,303164.84,1785.71,35.17
304000,-0.8182,99.18,-2500,0.3684,-69.42,0.502,-0.04,-991.63,-372910,303027.47,1714.29,38.58
304500,-0.7273,99.51,-2500,0.3684,-33.23,0.4961,-0.04,-930.69,-348506,303203.3,1714.29,41.66
305000,-0.6364,99.84,-1500,0.4211,17.95,0.4488,-0.04,-832.44,-314760,303516.48,1714.29,46.28
305000,-0.6364,99.35,-1000,0.4444,1.97,0.4205,-0.04,-745.99,-314760,303791.21,1750,47.06
305500,-0.5455,99.84,0,0.5,32.61,0.3961,-0.04,-629.86,-272817,304153.85,1678.57,55.08
305000,-0.6364,99.84,-2000,0.375,38.67,0.3748,-0.03,-571.59,-290905,304637.36,1607.14,29.75
315000,-0.0769,103.62,9000,0.7647,415.89,0.4235,-0.02,278.3,105769,307868.13,2035.71,69.89
310000,-0.4615,101.97,4500,0.6047,209.92,0.4657,0,542.13,-26592,309285.71,2250,59.92
312500,-0.2692,102.63,8500,0.6889,149.79,0.5023,0.02,942.1,52354,311005.49,2250,68.78
313500,-0.1923,103.29,9500,0.7021,131.42,0.5389,0.04,1324.49,143328,312730.77,2392.86,74.31
313500,-0.1923,103.13,9000,0.6957,113.04,0.5707,0.05,1609,143328,314230.77,2464.29,75.14
314000,-0.16,103.46,10500,0.7333,90.75,0.5841,0.07,1853.45,183997,315401.1,2464.29,75.46
316000,0,103.95,12000,0.75,99.81,0.6052,0.09,2183.39,266855,316884.62,2571.43,76.84
316000,-0.1071,103.78,12500,0.766,102.98,0.6289,0.11,2417.01,266855,317884.62,2642.86,79.93
316000,-0.1111,103.61,12000,0.7609,86.35,0.6359,0.12,2572.51,266855,318560.44,2678.57,75.94
316000,-0.1111,103.61,11500,0.7556,81.2,0.6419,0.13,2665.01,266855,318928.57,2714.29,75.44
311500,-0.4444,101.96,6500,0.6226,19.19,0.5626,0.13,2348.15,168542,317719.78,2964.29,68.61
308000,-0.7308,100.98,3000,0.55,-94.14,0.5364,0.13,1793.93,5851,315296.7,3357.14,62.26
309500,-0.64,98.25,4000,0.5645,-97.06,0.5138,0.12,1458.92,93829,313291.21,3464.29,63.52
307500,-0.8,99.19,2500,0.5385,-159.23,0.4941,0.1,1020.29,25104,310494.51,3571.43,61.29
309000,-0.68,98.88,-6000,0.375,-92.17,0.4406,0.09,784.66,218188,309802.2,3285.71,54.75
311000,-0.52,99.2,1000,0.5238,-66.36,0.3942,0.07,750.65,323491,309000,3250,64.77
314500,-0.24,100.32,2000,0.5455,24.91,0.3828,0.07,994.65,435856,309604.4,3357.14,65.75
312500,-0.4,99.52,-1000,0.4783,24.15,0.3796,0.06,1014.94,338002,309747.25,3428.57,63
311000,-0.52,98.42,-2500,0.449,-14.6,0.3628,0.06,899.62,290423,309494.51,3535.71,58.88
312000,-0.44,98.73,-2000,0.46,-3.44,0.3483,0.05,878.78,317587,309697.8,3571.43,62.02
313500,-0.32,99.21,-2500,0.449,32.81,0.349,0.05,972.1,359849,310747.25,3607.14,60.57
313500,-0.2609,99.21,-2500,0.449,55.84,0.3497,0.05,1034.14,359849,311879.12,3571.43,57.97
312000,-0.3913,100.16,-4000,0.4231,35.6,0.331,0.05,951.3,332287,312664.84,3607.14,59.42
314000,-0.1818,101.95,-2000,0.4643,67.26,0.3149,0.05,1035.1,366470,314153.85,3642.86,60.78
315000,-0.0909,101.78,3500,0.5714,103.88,0.3193,0.05,1168.73,432473,315203.3,3428.57,69.43
314500,-0.1429,102.28,6500,0.6512,91.11,0.3232,0.05,1220.22,374431,315379.12,3071.43,77.4
315500,-0.0476,102.1,6000,0.6429,105.73,0.3265,0.05,1326.43,430534,315890.11,2964.29,76.6
315000,-0.0952,101.29,7500,0.6923,99.06,0.3294,0.06,1354.64,385684,315708.79,2857.14,78.65
316000,-0.24,100.48,7000,0.6842,128.57,0.3713,0.06,1441.08,554652,315829.67,2857.14,78.13
316500,-0.2941,101.28,5500,0.6571,119.92,0.4076,0.06,1532.26,630763,316214.29,2714.29,77.37
316000,-0.3529,101.61,1500,0.5517,135.85,0.45,0.07,1546.35,518088,316890.11,2678.57,77.41
312000,-0.7,100,-500,0.4848,-84.52,0.3957,0.06,1220.68,371976,316021.98,2857.14,65.34
313500,-0.55,100,2500,0.5758,-52.43,0.3485,0.06,1071.28,443343,315335.16,2857.14,71.15
312500,-0.65,99.68,500,0.5152,-77.55,0.3077,0.05,862.24,406500,314456.04,2857.14,67.64
312000,-0.7,100,-1500,0.4516,-140.06,0.3048,0.05,648.75,345597,313681.32,2928.57,62.1
310500,-0.85,98.89,-3000,0.4118,-145.83,0.3023,0.04,354.44,292521,312527.47,3035.71,58.01
309500,-0.8636,98.25,-2500,0.4242,-156.46,0.3098,0.02,40.04,232317,310923.08,3107.14,56.24
306000,-0.963,97.3,-8000,0.2778,-186.16,0.3357,0.01,-485.94,143678,308752.75,3250,50.44
304500,-0.9667,96.51,-10500,0.2162,-173.45,0.3671,-0.01,-1012.16,61302,306593.41,3392.86,43.85
305000,-0.8485,96.83,-9500,0.2432,-149.32,0.4021,-0.04,-1373.01,174992,304835.16,3535.71,41.89
308000,-0.6667,97.47,-7500,0.3171,-87.83,0.403,-0.05,-1400.77,238900,304423.08,3714.29,42.19
305500,-0.8182,96.52,-9500,0.2889,-97.01,0.4039,-0.07,-1605.99,193306,303456.04,3857.14,42.22
311000,-0.4848,98.42,-5000,0.4074,13.84,0.3874,-0.07,-1309.72,384175,304549.45,3928.57,43.14
311500,-0.4545,99.84,-5000,0.4074,20.14,0.3732,-0.07,-1022.79,469868,306038.46,4035.71,36.45
311500,-0.3333,99.36,-4500,0.4151,54.29,0.3608,-0.07,-786.33,469868,307604.4,3892.86,33
309500,-0.4167,99.04,-2500,0.449,20.09,0.329,-0.06,-751.65,432764,308043.96,3571.43,36.5
309500,-0.3913,99.2,-4000,0.413,23.74,0.3015,-0.06,-715.92,432764,308829.67,3500,30.83
310500,-0.2727,100,-2000,0.4565,46.59,0.2776,-0.05,-599.99,448618,309857.14,3464.29,33.13
311500,-0.1818,100.65,-500,0.4894,78.15,0.27,-0.05,-422.56,480543,311148.35,3285.71,37.54
312000,-0.1364,101.96,1500,0.5333,88.09,0.2698,-0.04,-238.84,507723,312335.16,3178.57,41.56
314000,0,103.12,4500,0.5957,111.3,0.2866,-0.03,67.36,569217,313868.13,3142.86,48.21
313500,-0.0833,102.79,7500,0.6829,114.1,0.3062,-0.02,266.62,520006,314494.51,2964.29,55.9
314000,-0.0417,101.95,9500,0.7436,108.93,0.3103,0,459.57,558771,314752.75,2821.43,61.55
313000,-0.15,102.45,8000,0.7,87.67,0.3138,0.01,525.74,508754,314500,2642.86,66.63
313500,-0.1111,100.8,5500,0.6571,72.79,0.3022,0.01,611.47,561660,314653.85,2500,58.89
312500,-0.3077,100.32,7000,0.7188,38.38,0.2921,0.02,591.9,514877,313901.1,2392.86,58.71
314500,-0.1333,100.96,3500,0.64,73.2,0.3243,0.03,729.37,652273,314456.04,2214.29,55.53
317000,-0.1111,102.42,5500,0.6897,184.92,0.3694,0.04,1028.19,749590,315697.8,2214.29,68.73
319000,-0.0476,103.07,7500,0.7273,222.18,0.4157,0.05,1410.13,858181,317329.67,2285.71,71.17
317500,-0.1905,102.25,8000,0.75,168.81,0.4559,0.06,1573.65,805393,317934.07,2285.71,69.59
318000,-0.15,102.09,8500,0.7576,128.86,0.4906,0.07,1723.72,832128,318417.58,2214.29,72.34
317000,-0.2632,101.6,6500,0.697,81.96,0.4885,0.08,1741.87,808183,318510.99,2214.29,69.39
318000,-0.1579,101.27,6500,0.697,76.93,0.4866,0.09,1816.02,829159,318851.65,2214.29,68.96
317000,-0.2632,101.12,5000,0.6471,56.98,0.4849,0.09,1773.64,804803,318780.22,2214.29,65.48
317000,-0.2632,100.96,3000,0.6,49.59,0.4835,0.09,1720.23,804803,318895.6,2142.86,62.3
317500,-0.2105,101.44,4000,0.6333,53.72,0.4823,0.09,1698.66,840678,318967.03,2107.14,61.56
318500,-0.1053,101.59,4500,0.6452,64.58,0.4901,0.09,1742.18,875253,319280.22,2071.43,63.51
319000,-0.0526,102.08,6000,0.7,84.1,0.5046,0.1,1796.31,936160,319412.09,2035.71,71.25
319500,-0.05,101.59,6000,0.7,115.61,0.5293,0.1,1858.13,1015463,319576.92,2035.71,79.59
320000,0,100.95,7500,0.7586,156.59,0.5507,0.1,1925.28,1055649,319510.99,2000,85.86
